UF,População,Média geométrica do pico de infecção das temporadas regulares,limiar pré-epidêmico,intensidade alta,intensidade muito alta,se típica do início do surto,IC da se típica do início do surto,duração típica do surto,IC da duração típica do surto,Unidade da Federação
AfAmN,15957510,0.10561479735990482,0.07961592420422167,0.1331909951774568,0.179326492263316,12.0,[9.0-15.0],12.0,[10.0-13.0],Região 1
AsBSh,66931747,0.11146624248624312,0.09569067213886112,0.1519260089915202,0.18521669616684752,17.0,[11.0-23.0],11.0,[7.0-17.0],Região 2
Aw,27065627,0.23999532118041883,0.10396222640287524,0.2280884961530023,0.31155797961639103,15.0,[11.0-21.0],11.0,[8.0-14.0],Região 3
Cf,94495765,0.5986612644792131,0.3093447708143525,0.9385600328076042,1.396280480383213,16.0,[11.0-22.0],12.0,[10.0-14.0],Região 4
