UF,População,Média geométrica do pico de infecção das temporadas regulares,limiar pré-epidêmico,intensidade alta,intensidade muito alta,se típica do início do surto,IC da se típica do início do surto,duração típica do surto,IC da duração típica do surto,Unidade da Federação
AfAmN,15957510,0.2179602305701242,0.08955649887800454,0.21295957995187015,0.32840157129148434,14.0,[11.0-17.0],11.0,[9.0-14.0],Região 1
AsBSh,66931747,0.11249170189627991,0.08434192878041133,0.15152535956118698,0.20229646647494254,15.0,[10.0-21.0],12.0,[9.0-16.0],Região 2
Aw,27065627,0.253418248180497,0.10456604245736087,0.23291863563959367,0.3224505593523718,16.0,[11.0-22.0],13.0,[10.0-16.0],Região 3
BR,204450649,0.43957399728593755,0.20813975212094027,0.5165800866765143,0.7425164157302142,17.0,[12.0-24.0],12.0,[10.0-14.0],Brasil
Cf,94495765,0.607876580512521,0.3030574659592721,0.9412721872572798,1.4013681220036769,16.0,[12.0-23.0],12.0,[10.0-15.0],Região 4
